Bacon.,https://media.giphy.com/media/3o7TKEHe4gHSLe0N56/giphy.gif
Chicken.,https://media.giphy.com/media/3o7TKvcpFmnSDXaZmU/giphy.gif
Ham.,https://media.giphy.com/media/3o7TKBMLUq1XhO4vmg/giphy.gif
Steak.,https://media.giphy.com/media/l0MYsIohnM7gR6Nqg/giphy.gif
Bbq.,https://media.giphy.com/media/3oz8y0ig2viqBhGYTu/giphy.gif
Medium.,https://media.giphy.com/media/l4JyUi9h7usN3etNe/giphy.gif
Small.,https://media.giphy.com/media/d4aTiegukkrGx07m/giphy.gif
Xl.,https://media.giphy.com/media/l4Jz1llzBGJeF45ck/giphy.gif
Bowl.,https://media.giphy.com/media/3oz8xuepV6je9bPuPS/giphy.gif
Cookie.,https://media.giphy.com/media/3o7TKyQxBh1gLDLAR2/giphy.gif
French fries.,https://media.giphy.com/media/3o7TKNzo7PTU18ENUc/giphy.gif
Salad.,https://media.giphy.com/media/l0MYQ22x8lMK0wuQM/giphy.gif
Cheese.,https://media.giphy.com/media/3o7TKnFQ1d9dfrvflm/giphy.gif